timestamp,stock,country,market,final_sentiment,ticker
2025-03-26 22:56:00,0.01,0.0,0.0073422822426685635,-0.0690330751068379,AAPL
2025-03-26 22:51:00,0.01,0.0,0.0073422822426685635,-0.06903307510683834,AAPL
2025-03-26 21:45:16,0.0,0.0,0.0073422822426685635,-0.0691017110454095,AAPL
2025-03-26 15:30:00,0.8996633829470366,0.0,0.0073422822426685635,-0.06292424711845868,AAPL
2025-03-26 14:04:40,0.0,0.0,0.0073422822426685635,-0.06910171104540982,AAPL
2025-03-26 13:29:00,0.01,0.0,0.0073422822426685635,-0.06903307510683734,AAPL
2025-03-26 12:35:53,0.0,0.0,0.0073422822426685635,-0.06910171104540982,AAPL
2025-03-26 10:20:05,0.0,0.0,0.0073422822426685635,-0.06910171104540982,AAPL
2025-03-26 08:45:00,0.6582944087067958,0.0,0.0073422822426685635,-0.06458208027949183,AAPL
2025-03-26 07:11:00,0.9,0.0,0.0073422822426685635,-0.0629219348330275,AAPL
2025-03-26 01:34:00,0.8122276532529166,0.0,0.0073422822426685635,-0.06352483653352964,AAPL
2025-03-25 17:26:00,0.01,0.009849190675856738,0.01,-0.05185288800172707,AAPL
2025-03-25 17:11:00,0.30674528745760066,0.009849190675856738,0.01,-0.04981167514852463,AAPL
2025-03-25 15:50:00,0.2711498127760469,0.009849190675856738,0.01,-0.05005654696846211,AAPL
2025-03-25 15:23:00,0.8143536762323635,0.009849190675856738,0.01,-0.0463190490648823,AAPL
2025-03-25 15:17:00,0.0,0.009849190675856738,0.01,-0.051921667250456945,AAPL
2025-03-25 14:30:53,0.8143505697179552,0.009849190675856738,0.01,-0.0463190704429705,AAPL
2025-03-25 14:00:00,0.8143536762323635,0.009849190675856738,0.01,-0.0463190490648823,AAPL
2025-03-25 12:45:00,0.0,0.009849190675856738,0.01,-0.051921667250456945,AAPL
2025-03-25 12:41:22,0.0,0.009849190675856738,0.01,-0.051921667250456945,AAPL
2025-03-25 11:15:11,0.814224019568579,0.009849190675856738,0.01,-0.046319941322605584,AAPL
2025-03-25 08:31:00,0.8126292642067106,0.009849190675856738,0.01,-0.04633091593789275,AAPL
2025-03-25 08:00:00,0.7375722275089105,0.009849190675856738,0.01,-0.04684742265392732,AAPL
2025-03-24 15:54:34,0.2164031680653685,0.01,0.1290391618380841,0.6232367235873106,AAPL
2025-03-24 15:41:00,0.0,0.01,0.1290391618380841,0.6223231445900461,AAPL
2025-03-24 13:37:30,0.01,0.01,0.1290391618380841,0.6223653985432649,AAPL
2025-03-24 13:00:11,0.0,0.01,0.1290391618380841,0.6223231445900461,AAPL
2025-03-24 12:54:00,0.7368576777701836,0.01,0.1290391618380841,0.6254269507636682,AAPL
2025-03-24 10:20:06,0.0,0.01,0.1290391618380841,0.6223231445900461,AAPL
2025-03-24 10:20:06,0.0,0.01,0.1290391618380841,0.6223231445900461,AAPL
2025-03-24 08:41:00,0.01,0.01,0.1290391618380841,0.6223653985432649,AAPL
2025-03-24 08:15:00,0.736835659047405,0.01,0.1290391618380841,0.6254268583099463,AAPL
2025-03-23 11:01:19,0.01,-0.020711239565031715,0.01,-0.05127130467108466,AAPL
2025-03-23 09:15:00,0.21924012411386393,-0.020711239565031715,0.01,-0.04983196963147285,AAPL
2025-03-22 20:13:00,0.01,0.01,0.46410730841486597,0.9942740751772321,AAPL
2025-03-22 18:05:00,0.6018247399122417,0.01,0.46410730841486597,0.9943204936222109,AAPL
2025-03-22 12:01:18,0.18191063191267004,0.01,0.46410730841486597,0.9942875974480273,AAPL
2025-03-22 12:00:00,0.0,0.01,0.46410730841486597,0.9942732876084076,AAPL
2025-03-21 21:44:08,0.11248332670374207,-0.07905903970275432,0.05972187843393144,0.2697755680229146,AAPL
2025-03-21 16:36:00,0.5458774202115486,-0.07905903970275432,0.05972187843393144,0.27254469728483727,AAPL
2025-03-21 15:54:00,0.5458775937413701,-0.07905903970275432,0.05972187843393144,0.2725446983926894,AAPL
2025-03-21 14:16:00,0.545877535898098,-0.07905903970275432,0.05972187843393144,0.2725446980234056,AAPL
2025-03-21 13:06:27,0.0,-0.07905903970275432,0.05972187843393144,0.26905613471752804,AAPL
2025-03-21 06:42:32,0.01,-0.07905903970275432,0.05972187843393144,0.26912010599897723,AAPL
2025-03-21 01:45:36,0.01,-0.07905903970275432,0.05972187843393144,0.26912010599897723,AAPL
2025-03-20 21:45:15,0.0,0.01,0.01,-0.051924537134991844,AAPL
2025-03-20 21:34:00,0.0,0.01,0.01,-0.051924537134991844,AAPL
2025-03-20 16:59:58,0.47457591205329386,0.01,0.01,-0.048659909175531646,AAPL
2025-03-20 12:56:02,0.0,0.01,0.01,-0.051924537134991844,AAPL
2025-03-20 12:10:00,0.01,0.01,0.01,-0.05185575790680182,AAPL
2025-03-20 10:20:06,0.49393021079082333,0.01,0.01,-0.0485267475851146,AAPL
2025-03-20 10:20:05,0.4939304201458668,0.01,0.01,-0.04852674614469914,AAPL
2025-03-20 10:05:00,0.49393047248462374,0.01,0.01,-0.04852674578459532,AAPL
2025-03-20 09:15:00,0.49393047248462374,0.01,0.01,-0.04852674578459532,AAPL
2025-03-20 09:01:00,0.4939303678071083,0.01,0.01,-0.048526746504802994,AAPL
2025-03-19 18:53:57,0.42381214954791874,0.01,0.0073422822426685635,-0.06638224597664127,AAPL
2025-03-19 16:43:20,0.4469259683249594,0.01,0.0073422822426685635,-0.0662235424583216,AAPL
2025-03-19 14:37:00,0.4469146970598027,0.01,0.0073422822426685635,-0.06622361984961474,AAPL
2025-03-19 13:59:00,0.446925021162897,0.01,0.0073422822426685635,-0.06622354896177048,AAPL
2025-03-19 13:19:00,0.01,0.01,0.0073422822426685635,-0.06922297658320019,AAPL
2025-03-19 10:20:05,0.0,0.01,0.0073422822426685635,-0.06929161071020645,AAPL
2025-03-19 08:45:00,0.44690678818316093,0.01,0.0073422822426685635,-0.06622367415391657,AAPL
2025-03-19 08:21:00,0.0,0.01,0.0073422822426685635,-0.06929161071020645,AAPL
2025-03-19 08:19:25,0.01,0.01,0.0073422822426685635,-0.06922297658320019,AAPL
2025-03-19 08:00:00,0.01,0.01,0.0073422822426685635,-0.06922297658320019,AAPL
2025-03-19 01:58:00,0.0,0.01,0.0073422822426685635,-0.06929161071020645,AAPL
2025-03-18 22:45:25,0.4043956391919429,0.01,0.0073422822426685635,-0.06651556053391705,AAPL
2025-03-18 17:22:00,0.0,0.01,0.0073422822426685635,-0.06929161071020645,AAPL
2025-03-18 13:15:53,0.0,0.01,0.0073422822426685635,-0.06929161071020645,AAPL
2025-03-18 11:30:00,0.40404310068001226,0.01,0.0073422822426685635,-0.06651798105587757,AAPL
2025-03-18 11:00:00,0.01,0.01,0.0073422822426685635,-0.06922297658320019,AAPL
2025-03-18 10:20:07,0.40439598200279836,0.01,0.0073422822426685635,-0.06651555818018458,AAPL
2025-03-18 09:45:00,0.0,0.01,0.0073422822426685635,-0.06929161071020645,AAPL
2025-03-18 09:13:52,0.01,0.01,0.0073422822426685635,-0.06922297658320019,AAPL
2025-03-17 21:48:35,0.0,0.01,0.0073422822426685635,-0.06929161071020645,AAPL
2025-03-17 16:47:30,0.3659126162195285,0.01,0.0073422822426685635,-0.06677977952730024,AAPL
2025-03-17 15:07:06,0.36591269376653923,0.01,0.0073422822426685635,-0.06677977899488288,AAPL
2025-03-17 10:20:05,0.0,0.01,0.0073422822426685635,-0.06929161071020645,AAPL
2025-03-17 05:12:29,0.0,0.01,0.0073422822426685635,-0.06929161071020645,AAPL
2025-03-16 15:38:04,0.01,0.01,0.0073422822426685635,-0.06922297658320019,AAPL
2025-03-16 11:30:00,0.0,0.01,0.0073422822426685635,-0.06929161071020645,AAPL
2025-03-16 11:00:00,0.01,0.01,0.0073422822426685635,-0.06922297658320019,AAPL
2025-03-16 10:10:00,0.3310898130346556,0.01,0.0073422822426685635,-0.06701885989860602,AAPL
2025-03-16 07:55:00,0.0,0.01,0.0073422822426685635,-0.06929161071020645,AAPL
2025-03-15 22:28:00,0.299416395847316,0.01,0.0073422822426685635,-0.06723631107837894,AAPL
2025-03-15 12:15:00,0.01,0.01,0.0073422822426685635,-0.06922297658320019,AAPL
2025-03-15 08:41:09,0.01,0.01,0.0073422822426685635,-0.06922297658320019,AAPL
2025-03-15 07:18:13,0.01,0.01,0.0073422822426685635,-0.06922297658320019,AAPL
2025-03-14 21:45:10,0.07989043901983643,0.01,0.0073422822426685635,-0.06874327139720887,AAPL
2025-03-14 17:14:56,0.27107435985910927,0.01,0.0073422822426685635,-0.06743088552668358,AAPL
2025-03-14 11:07:00,0.27107479072098184,0.01,0.0073422822426685635,-0.06743088256875893,AAPL
2025-03-14 05:19:34,0.01,0.01,0.0073422822426685635,-0.06922297658320019,AAPL
2025-03-13 16:13:19,0.18136099385818688,0.01,0.0073422822426685635,-0.06804675406928515,AAPL
2025-03-13 15:15:00,0.24527861373061133,0.01,0.0073422822426685635,-0.0676079746646229,AAPL
2025-03-13 14:34:00,0.24527850976797655,0.01,0.0073422822426685635,-0.06760797537832322,AAPL
2025-03-13 12:00:00,0.24527861373061133,0.01,0.0073422822426685635,-0.0676079746646229,AAPL
2025-03-13 08:26:00,0.0,0.01,0.0073422822426685635,-0.06929161071020645,AAPL
2025-03-12 17:44:38,0.01,0.01,0.0073422822426685635,-0.06922297658320019,AAPL
2025-03-12 16:32:00,0.01,0.01,0.0073422822426685635,-0.06922297658320019,AAPL
2025-03-12 13:19:00,0.01,0.01,0.0073422822426685635,-0.06922297658320019,AAPL
2025-03-12 13:11:40,0.22193675016625597,0.01,0.0073422822426685635,-0.06776821410026465,AAPL
2025-03-12 13:06:23,0.0,0.01,0.0073422822426685635,-0.06929161071020645,AAPL
2025-03-12 12:50:17,0.2219372675474458,0.01,0.0073422822426685635,-0.06776821054853596,AAPL
2025-03-12 12:33:00,0.22193689127025046,0.01,0.0073422822426685635,-0.06776821313161116,AAPL
2025-03-12 10:20:04,0.22193717347816377,0.01,0.0073422822426685635,-0.06776821119430464,AAPL
2025-03-12 05:55:00,0.13669301525705677,0.01,0.0073422822426685635,-0.06835337360599923,AAPL
2025-03-12 00:00:00,0.01,0.01,0.0073422822426685635,-0.06922297658320019,AAPL
2025-03-11 17:55:00,0.20026396481676884,0.01,0.0073422822426685635,-0.06791699235982238,AAPL
2025-03-11 17:15:17,0.11926459271126234,0.01,0.0073422822426685635,-0.06847300603019417,AAPL
2025-03-11 16:25:38,0.0,0.01,0.0073422822426685635,-0.06929161071020645,AAPL
2025-03-11 13:29:30,0.0,0.01,0.0073422822426685635,-0.06929161071020645,AAPL
2025-03-11 13:13:00,0.01,0.01,0.0073422822426685635,-0.06922297658320019,AAPL
2025-03-11 13:00:13,0.0,0.01,0.0073422822426685635,-0.06929161071020645,AAPL
2025-03-11 09:45:00,0.0,0.01,0.0073422822426685635,-0.06929161071020645,AAPL
2025-03-11 08:30:00,0.01,0.01,0.0073422822426685635,-0.06922297658320019,AAPL
2025-03-11 05:52:40,0.01,0.01,0.0073422822426685635,-0.06922297658320019,AAPL
2025-03-11 03:09:14,0.01,0.01,0.0073422822426685635,-0.06922297658320019,AAPL
2025-03-11 01:40:28,0.01,0.01,0.0073422822426685635,-0.06922297658320019,AAPL
2025-03-10 22:13:00,0.01,0.01,0.0073422822426685635,-0.06922297658320019,AAPL
2025-03-10 18:55:00,0.0,0.01,0.0073422822426685635,-0.06929161071020645,AAPL
2025-03-10 15:53:05,0.060558164537285575,0.01,0.0073422822426685635,-0.06887596501597802,AAPL
2025-03-10 13:38:00,0.0,0.01,0.0073422822426685635,-0.06929161071020645,AAPL
2025-03-09 10:50:00,0.16441517164746114,0.01,0.0073422822426685635,-0.06816307873977674,AAPL
2025-03-09 10:15:00,0.0,0.01,0.0073422822426685635,-0.06929161071020645,AAPL
2025-03-09 08:07:00,0.16434746560780839,0.01,0.0073422822426685635,-0.06816354350446628,AAPL
2025-03-08 19:00:42,0.0,0.01,0.0073422822426685635,-0.06929161071020645,AAPL
2025-03-08 14:30:00,0.1479976111850827,0.01,0.0073422822426685635,-0.06827577538771329,AAPL
2025-03-08 11:00:00,0.14876893634290242,0.01,0.0073422822426685635,-0.06827048074482635,AAPL
2025-03-08 09:50:00,0.1487689993994279,0.01,0.0073422822426685635,-0.06827048031198438,AAPL
2025-03-07 21:45:19,0.0,0.01,0.0073422822426685635,-0.06929161071020645,AAPL
2025-03-07 17:30:02,0.13453217910096973,0.01,0.0073422822426685635,-0.06836820615488218,AAPL
2025-03-07 11:45:00,0.04482139644876404,0.01,0.0073422822426685635,-0.06898397785881458,AAPL
2025-03-06 15:41:57,0.04032678804403138,0.01,0.0073422822426685635,-0.06901482731643817,AAPL
2025-03-06 13:43:00,0.12180175491295143,0.01,0.0073422822426685635,-0.06845559052795967,AAPL
2025-03-06 11:20:06,0.0,0.01,0.0073422822426685635,-0.06929161071020645,AAPL
2025-03-05 15:22:51,0.11021071535754715,0.01,0.0073422822426685635,-0.06853515300603001,AAPL
2025-03-05 14:45:00,0.1102107737493285,0.01,0.0073422822426685635,-0.06853515260522303,AAPL
2025-03-05 14:11:00,0.11020989787169475,0.01,0.0073422822426685635,-0.06853515861733378,AAPL
2025-03-05 11:24:00,0.01,0.01,0.0073422822426685635,-0.06922297658320019,AAPL
2025-03-05 11:20:06,0.0,0.01,0.0073422822426685635,-0.06929161071020645,AAPL
2025-03-05 05:18:57,0.1035531510616331,0.01,0.0073422822426685635,-0.06858085104224235,AAPL
2025-03-04 20:39:42,0.09972228247398875,0.01,0.0073422822426685635,-0.06860714629007056,AAPL
2025-03-04 20:36:44,0.0,0.01,0.0073422822426685635,-0.06929161071020645,AAPL
2025-03-04 16:53:01,0.0991634862957069,0.01,0.0073422822426685635,-0.06861098188326366,AAPL
2025-03-04 16:33:34,0.03319364956016522,0.01,0.0073422822426685635,-0.0690637864727453,AAPL
2025-03-04 16:17:00,0.01,0.01,0.0073422822426685635,-0.06922297658320019,AAPL
2025-03-04 13:36:23,0.0997228319590877,0.01,0.0073422822426685635,-0.06860714251838791,AAPL
2025-03-04 13:11:00,0.0,0.01,0.0073422822426685635,-0.06929161071020645,AAPL
2025-03-04 13:08:00,0.09967092299232601,0.01,0.0073422822426685635,-0.06860749882312864,AAPL
2025-03-04 12:30:00,0.09972079251972393,0.01,0.0073422822426685635,-0.06860715651716257,AAPL
2025-03-04 12:30:00,0.09954513483221081,0.01,0.0073422822426685635,-0.068608362236847,AAPL
2025-03-04 11:20:07,0.0997228319590877,0.01,0.0073422822426685635,-0.06860714251838791,AAPL
2025-03-04 10:43:00,0.01,0.01,0.0073422822426685635,-0.06922297658320019,AAPL
2025-03-04 10:06:00,0.0,0.01,0.0073422822426685635,-0.06929161071020645,AAPL
2025-03-04 09:04:00,0.09935450196513991,0.01,0.0073422822426685635,-0.06860967074639045,AAPL
2025-03-03 23:41:00,0.0,0.01,0.0073422822426685635,-0.06929161071020645,AAPL
2025-03-03 20:04:00,0.0,0.01,0.0073422822426685635,-0.06929161071020645,AAPL
2025-03-03 18:30:24,0.07654263470386169,0.01,0.0073422822426685635,-0.06876625036116756,AAPL
2025-03-03 18:22:00,0.09023293066623678,0.01,0.0073422822426685635,-0.06867228120109599,AAPL
2025-03-03 16:29:00,0.0,0.01,0.0073422822426685635,-0.06929161071020645,AAPL
2025-03-03 16:14:00,0.0,0.01,0.0073422822426685635,-0.06929161071020645,AAPL
2025-03-03 14:15:00,0.0,0.01,0.0073422822426685635,-0.06929161071020645,AAPL
2025-03-03 11:45:00,0.0,0.01,0.0073422822426685635,-0.06929161071020645,AAPL
2025-03-03 11:21:00,0.09023294978909477,0.01,0.0073422822426685635,-0.06867228106983728,AAPL
2025-03-03 11:20:07,0.09023293066623678,0.01,0.0073422822426685635,-0.06867228120109599,AAPL
2025-03-03 10:00:00,0.0,0.01,0.0073422822426685635,-0.06929161071020645,AAPL
2025-03-03 02:02:49,0.08124188895631727,0.01,0.0073422822426685635,-0.06873399517146747,AAPL
2025-03-02 21:30:44,0.04397692855676311,0.01,0.0073422822426685635,-0.06898977400818962,AAPL
2025-03-02 20:08:00,0.0,0.01,0.0073422822426685635,-0.06929161071020645,AAPL
2025-03-02 18:50:26,0.08164491213629589,0.01,0.0073422822426685635,-0.0687312288558202,AAPL
2025-03-01 00:00:18,0.01,0.01,0.0073422822426685635,-0.06922297658320019,AAPL
2025-02-28 17:55:55,0.0,0.01,0.0073422822426685635,-0.06929161071020645,AAPL
2025-02-28 14:35:06,0.06259969011955248,0.01,0.0073422822426685635,-0.06886195242815606,AAPL
2025-02-28 13:55:00,0.06684622039290049,0.01,0.0073422822426685635,-0.06883280508041104,AAPL
2025-02-28 12:24:00,0.0,0.01,0.0073422822426685635,-0.06929161071020645,AAPL
2025-02-28 12:00:00,0.06684597247795744,0.01,0.0073422822426685635,-0.06883280678205383,AAPL
2025-02-28 09:51:00,0.05185449431857684,0.01,0.0073422822426685635,-0.06893570481142722,AAPL
2025-02-28 08:51:00,0.0,0.01,0.0073422822426685635,-0.06929161071020645,AAPL
2025-02-28 01:39:55,0.0,0.01,0.0073422822426685635,-0.06929161071020645,AAPL
2025-02-27 13:59:08,0.06032103458235291,0.01,0.0073422822426685635,-0.06887759262268119,AAPL
2025-02-27 13:45:00,0.06048470509693629,0.01,0.0073422822426685635,-0.06887646922510188,AAPL
2025-02-27 13:17:56,0.0,0.01,0.0073422822426685635,-0.06929161071020645,AAPL
2025-02-27 09:51:00,0.0,0.01,0.0073422822426685635,-0.06929161071020645,AAPL
2025-02-26 21:33:10,0.05472904476409684,0.01,0.0073422822426685635,-0.06891597467740343,AAPL
2025-02-26 17:49:18,0.05409046597141111,0.01,0.0073422822426685635,-0.06892035771356651,AAPL
2025-02-26 16:06:00,0.05472478223203303,0.01,0.0073422822426685635,-0.06891600393430647,AAPL
2025-02-26 13:45:00,0.05184076278409616,0.01,0.0073422822426685635,-0.06893579906082338,AAPL
2025-02-26 07:47:59,0.0,0.01,0.0073422822426685635,-0.06929161071020645,AAPL
2025-02-25 22:24:02,0.04952089805076649,0.01,0.0073422822426685635,-0.06895172194314729,AAPL
2025-02-25 20:49:04,0.01,0.01,0.0073422822426685635,-0.06922297658320019,AAPL
2025-02-25 19:22:54,0.01,0.01,0.0073422822426685635,-0.06922297658320019,AAPL
2025-02-25 16:54:10,0.020698711770574023,0.01,0.0073422822426685635,-0.06914954618337323,AAPL
2025-02-25 15:18:35,0.0,0.01,0.0073422822426685635,-0.06929161071020645,AAPL
2025-02-25 14:00:14,0.0,0.01,0.0073422822426685635,-0.06929161071020645,AAPL
2025-02-25 13:15:16,0.049520887555919824,0.01,0.0073422822426685635,-0.0689517220151808,AAPL
2025-02-25 11:20:07,0.0,0.01,0.0073422822426685635,-0.06929161071020645,AAPL
2025-02-25 11:20:03,0.01,0.01,0.0073422822426685635,-0.06922297658320019,AAPL
2025-02-25 09:52:00,0.0,0.01,0.0073422822426685635,-0.06929161071020645,AAPL
2025-02-24 23:10:00,0.0,0.01,0.0073422822426685635,-0.06929161071020645,AAPL
2025-02-24 21:31:07,0.04419757453443703,0.01,0.0073422822426685635,-0.06898825956734689,AAPL
2025-02-24 19:53:00,0.01,0.01,0.0073422822426685635,-0.06922297658320019,AAPL
2025-02-24 17:54:27,0.01,0.01,0.0073422822426685635,-0.06922297658320019,AAPL
2025-02-24 17:45:20,0.0448083472868824,0.01,0.0073422822426685635,-0.06898406742399774,AAPL
2025-02-24 14:36:11,0.034049305217011896,0.01,0.0073422822426685635,-0.06905791359449949,AAPL
2025-02-24 14:19:12,0.04480833304268597,0.01,0.0073422822426685635,-0.06898406752176524,AAPL
2025-02-24 11:20:07,0.04480836153107755,0.01,0.0073422822426685635,-0.06898406732623022,AAPL
2025-02-24 11:20:06,0.0,0.01,0.0073422822426685635,-0.06929161071020645,AAPL
2025-02-23 18:50:19,0.0,0.01,0.0073422822426685635,-0.06929161071020645,AAPL
2025-02-23 15:45:17,0.01,0.01,0.0073422822426685635,-0.06922297658320019,AAPL
2025-02-23 13:20:00,0.0,0.01,0.0073422822426685635,-0.06929161071020645,AAPL
2025-02-23 12:00:42,0.0,0.01,0.0073422822426685635,-0.06929161071020645,AAPL
2025-02-23 12:00:00,0.0,0.01,0.0073422822426685635,-0.06929161071020645,AAPL
2025-02-23 12:00:00,0.0,0.01,0.0073422822426685635,-0.06929161071020645,AAPL
2025-02-23 11:30:00,0.0,0.01,0.0073422822426685635,-0.06929161071020645,AAPL
2025-02-22 12:03:00,0.0,0.01,0.0073422822426685635,-0.06929161071020645,AAPL
2025-02-22 09:55:00,0.03668597191836896,0.01,0.0073422822426685635,-0.06903981653858511,AAPL
2025-02-22 06:22:14,0.01,0.01,0.0073422822426685635,-0.06922297658320019,AAPL
2025-02-21 18:11:00,0.03318614640286193,0.01,0.0073422822426685635,-0.0690638379713953,AAPL
2025-02-21 16:11:06,0.033194847143663,0.01,0.0073422822426685635,-0.06906377825301445,AAPL
2025-02-21 16:00:00,0.03319484010875669,0.01,0.0073422822426685635,-0.0690637783012992,AAPL
2025-02-21 15:04:33,0.024225829437106532,0.01,0.0073422822426685635,-0.06912533771570498,AAPL
2025-02-21 14:47:00,0.0331947099629143,0.01,0.0073422822426685635,-0.06906377919456784,AAPL
2025-02-21 14:10:18,0.0,0.01,0.0073422822426685635,-0.06929161071020645,AAPL
2025-02-21 13:20:07,0.0331948436262099,0.01,0.0073422822426685635,-0.0690637782771568,AAPL
2025-02-21 11:00:30,0.010665298755552742,0.01,0.0073422822426685635,-0.06921841034001519,AAPL
2025-02-21 10:52:00,0.0,0.01,0.0073422822426685635,-0.06929161071020645,AAPL
2025-02-21 09:51:00,0.03319210349839473,0.01,0.0073422822426685635,-0.06906379708429068,AAPL
2025-02-21 08:30:00,0.03319485066111599,0.01,0.0073422822426685635,-0.06906377822887207,AAPL
2025-02-21 08:02:00,0.01,0.01,0.0073422822426685635,-0.06922297658320019,AAPL
2025-02-21 03:49:48,0.03319456926454488,0.01,0.0073422822426685635,-0.0690637801602648,AAPL
2025-02-20 19:47:00,0.03003594296429346,0.01,0.0073422822426685635,-0.06908545966659732,AAPL
2025-02-20 16:32:00,0.030035857030736766,0.01,0.0073422822426685635,-0.0690854602564089,AAPL
2025-02-20 16:18:28,0.030035939781570372,0.01,0.0073422822426685635,-0.06908545968844222,AAPL
2025-02-20 15:53:00,0.030035939781570372,0.01,0.0073422822426685635,-0.06908545968844222,AAPL
2025-02-20 14:24:36,0.0,0.01,0.0073422822426685635,-0.06929161071020645,AAPL
2025-02-20 14:18:00,0.029820172328244094,0.01,0.0073422822426685635,-0.06908694062474373,AAPL
2025-02-20 13:18:46,0.03003594296429346,0.01,0.0073422822426685635,-0.06908545966659732,AAPL
2025-02-20 11:20:06,0.030035927050677067,0.01,0.0073422822426685635,-0.06908545977582167,AAPL
2025-02-20 11:20:00,0.030035895223437165,0.01,0.0073422822426685635,-0.06908545999427038,AAPL
2025-02-20 11:10:19,0.0,0.01,0.0073422822426685635,-0.06929161071020645,AAPL
2025-02-20 10:45:00,0.029955814927311274,0.01,0.0073422822426685635,-0.06908600963149972,AAPL
2025-02-20 09:55:00,0.0,0.01,0.0073422822426685635,-0.06929161071020645,AAPL
2025-02-20 09:50:00,0.0,0.01,0.0073422822426685635,-0.06929161071020645,AAPL
2025-02-20 08:56:09,0.0,0.01,0.0073422822426685635,-0.06929161071020645,AAPL
2025-02-20 07:42:08,0.030035923867953503,0.01,0.0073422822426685635,-0.06908545979766655,AAPL
2025-02-20 06:58:07,0.01,0.01,0.0073422822426685635,-0.06922297658320019,AAPL
2025-02-20 02:41:17,0.030035933416123907,0.01,0.0073422822426685635,-0.06908545973213194,AAPL
2025-02-19 21:20:00,0.01,0.01,0.0073422822426685635,-0.06922297658320019,AAPL
2025-02-19 19:58:19,0.0,0.01,0.0073422822426685635,-0.06929161071020645,AAPL
2025-02-19 17:48:12,0.0,0.01,0.0073422822426685635,-0.06929161071020645,AAPL
2025-02-19 16:15:00,0.0,0.01,0.0073422822426685635,-0.06929161071020645,AAPL
2025-02-19 15:43:52,0.0,0.01,0.0073422822426685635,-0.06929161071020645,AAPL
2025-02-19 15:00:00,0.0271775817234341,0.01,0.0073422822426685635,-0.0691050782213377,AAPL
2025-02-19 14:38:00,0.0,0.01,0.0073422822426685635,-0.06929161071020645,AAPL
2025-02-19 13:43:48,0.026682379173558556,0.01,0.0073422822426685635,-0.06910847707193345,AAPL
2025-02-19 13:43:00,0.027177645080086653,0.01,0.0073422822426685635,-0.06910507778648566,AAPL
2025-02-19 11:15:00,0.0,0.01,0.0073422822426685635,-0.06929161071020645,AAPL
2025-02-19 09:45:00,0.0,0.01,0.0073422822426685635,-0.06929161071020645,AAPL
2025-02-19 09:30:00,0.0,0.01,0.0073422822426685635,-0.06929161071020645,AAPL
2025-02-19 09:15:00,0.016378652277749955,0.01,0.0073422822426685635,-0.06917919691778715,AAPL
2025-02-19 08:30:00,0.027177639320392685,0.01,0.0073422822426685635,-0.06910507782601764,AAPL
2025-02-19 07:22:52,0.0,0.01,0.0073422822426685635,-0.06929161071020645,AAPL
2025-02-19 01:32:00,0.0,0.01,0.0073422822426685635,-0.06929161071020645,AAPL
2025-02-18 20:02:30,0.02449103613225289,0.01,0.0073422822426685635,-0.06912351745907612,AAPL
2025-02-18 16:35:10,0.0,0.01,0.0073422822426685635,-0.06929161071020645,AAPL
2025-02-18 13:30:00,0.024590002997083363,0.01,0.0073422822426685635,-0.06912283819597186,AAPL
2025-02-18 12:42:40,0.024591350202563304,0.01,0.0073422822426685635,-0.06912282894937175,AAPL
2025-02-18 10:45:00,0.024591342385183255,0.01,0.0073422822426685635,-0.06912282900302667,AAPL
2025-02-18 10:15:00,0.0,0.01,0.0073422822426685635,-0.06929161071020645,AAPL
2025-02-18 09:30:00,0.01,0.01,0.0073422822426685635,-0.06922297658320019,AAPL
2025-02-18 09:15:00,0.024587236861195936,0.01,0.0073422822426685635,-0.06912285718145895,AAPL
2025-02-18 08:53:51,0.020408039880853022,0.01,0.0073422822426685635,-0.06915154121413188,AAPL
2025-02-17 21:15:33,0.022025052687220145,0.01,0.0073422822426685635,-0.06914044281610854,AAPL
2025-02-17 14:13:00,0.01,0.01,0.0073422822426685635,-0.06922297658320019,AAPL
2025-02-17 11:29:00,0.0,0.01,0.0073422822426685635,-0.06929161071020645,AAPL
2025-02-17 11:20:06,0.0,0.01,0.0073422822426685635,-0.06929161071020645,AAPL
2025-02-17 11:00:00,0.0,0.01,0.0073422822426685635,-0.06929161071020645,AAPL
2025-02-17 06:24:09,0.01,0.01,0.0073422822426685635,-0.06922297658320019,AAPL
2025-02-17 06:10:00,0.022251124309086323,0.01,0.0073422822426685635,-0.06913889116788625,AAPL
2025-02-17 03:26:37,0.0,0.01,0.0073422822426685635,-0.06929161071020645,AAPL
2025-02-17 02:04:20,0.01,0.01,0.0073422822426685635,-0.06922297658320019,AAPL
2025-02-17 02:04:12,0.0,0.01,0.0073422822426685635,-0.06929161071020645,AAPL
2025-02-16 15:45:16,0.020133692537105945,0.01,0.0073422822426685635,-0.0691534242006236,AAPL
2025-02-16 09:35:00,0.01,0.01,0.0073422822426685635,-0.06922297658320019,AAPL
2025-02-15 16:00:17,0.018201074089297147,0.01,0.0073422822426685635,-0.06916668873801847,AAPL
2025-02-15 15:30:19,0.011107342697444756,0.01,0.0073422822426685635,-0.06921537639295412,AAPL
2025-02-15 08:41:43,0.017644393792887104,0.01,0.0073422822426685635,-0.06917050951177209,AAPL
2025-02-15 08:14:00,0.018217720301223945,0.01,0.0073422822426685635,-0.06916657448675537,AAPL
2025-02-14 22:54:00,0.0,0.01,0.0073422822426685635,-0.06929161071020645,AAPL
2025-02-14 22:05:00,0.0,0.01,0.0073422822426685635,-0.06929161071020645,AAPL
2025-02-14 20:15:11,0.01648399989104873,0.01,0.0073422822426685635,-0.06917847386574859,AAPL
2025-02-14 18:00:00,0.016484052292555645,0.01,0.0073422822426685635,-0.06917847350609149,AAPL
2025-02-14 17:35:00,0.016483800764895168,0.01,0.0073422822426685635,-0.06917847523244856,AAPL
2025-02-14 14:21:51,0.01648407499986076,0.01,0.0073422822426685635,-0.06917847335024016,AAPL
2025-02-14 14:00:15,0.0,0.01,0.0073422822426685635,-0.06929161071020645,AAPL
2025-02-14 11:20:06,0.0,0.01,0.0073422822426685635,-0.06929161071020645,AAPL
2025-02-14 09:52:00,0.01648404879912331,0.01,0.0073422822426685635,-0.06917847353006862,AAPL
2025-02-14 09:00:00,0.01648370294829124,0.01,0.0073422822426685635,-0.06917847590381164,AAPL
2025-02-14 07:01:02,0.01,0.01,0.0073422822426685635,-0.06922297658320019,AAPL
2025-02-14 03:51:17,0.0,0.01,0.0073422822426685635,-0.06929161071020645,AAPL
2025-02-14 02:50:38,0.01,0.01,0.0073422822426685635,-0.06922297658320019,AAPL
2025-02-14 00:00:43,0.01,0.01,0.0073422822426685635,-0.06922297658320019,AAPL
2025-02-13 17:16:55,0.01,0.01,0.0073422822426685635,-0.06922297658320019,AAPL
2025-02-13 14:00:00,0.014915407861585114,0.01,0.0073422822426685635,-0.06918923987019078,AAPL
2025-02-13 13:19:12,0.014427920861265642,0.01,0.0073422822426685635,-0.06919258572555888,AAPL
2025-02-13 11:11:00,0.0,0.01,0.0073422822426685635,-0.06929161071020645,AAPL
2025-02-13 10:07:00,0.0,0.01,0.0073422822426685635,-0.06929161071020645,AAPL
2025-02-12 21:35:43,0.013496017708340264,0.01,0.0073422822426685635,-0.06919898181622962,AAPL
2025-02-12 19:45:35,0.01349597051535729,0.01,0.0073422822426685635,-0.06919898214013716,AAPL
2025-02-12 19:42:09,0.013495987676447378,0.01,0.0073422822426685635,-0.06919898202235256,AAPL
2025-02-12 17:54:52,0.013496017708340264,0.01,0.0073422822426685635,-0.06919898181622962,AAPL
2025-02-12 17:32:57,0.013494553274152596,0.01,0.0073422822426685635,-0.06919899186732735,AAPL
2025-02-12 16:11:00,0.01349600626762138,0.01,0.0073422822426685635,-0.06919898189475263,AAPL
2025-02-12 15:00:52,0.0,0.01,0.0073422822426685635,-0.06929161071020645,AAPL
2025-02-12 12:22:00,0.01,0.01,0.0073422822426685635,-0.06922297658320019,AAPL
2025-02-12 12:19:14,0.01,0.01,0.0073422822426685635,-0.06922297658320019,AAPL
2025-02-12 11:20:07,0.013496017708340264,0.01,0.0073422822426685635,-0.06919898181622962,AAPL
2025-02-12 10:30:00,0.0,0.01,0.0073422822426685635,-0.06929161071020645,AAPL
2025-02-12 09:51:00,0.0,0.01,0.0073422822426685635,-0.06929161071020645,AAPL
2025-02-12 09:41:34,0.01,0.01,0.0073422822426685635,-0.06922297658320019,AAPL
2025-02-12 09:32:00,0.013496019138429934,0.01,0.0073422822426685635,0.8014746627877114,AAPL
2025-02-12 09:14:00,0.013495454249694342,0.01,0.0073422822426685635,0.15900781142092177,AAPL
2025-02-11 16:57:14,0.01,0.01,0.0073422822426685635,-0.30278511966409266,AAPL
2025-02-11 12:00:44,0.012210882708102638,0.01,0.0073422822426685635,-0.05821763229678683,AAPL
2025-02-11 09:30:00,0.012211701816982197,0.01,0.0073422822426685635,-0.06381525457868181,AAPL
2025-02-11 09:07:00,0.01,0.01,0.0073422822426685635,-0.3026735963485682,AAPL
2025-02-10 23:10:25,0.011049605912761593,0.01,0.0073422822426685635,-0.21997386632950536,AAPL
2025-02-10 21:15:48,0.011049605912761593,0.01,0.0073422822426685635,-0.220978029533663,AAPL
2025-02-10 20:41:24,0.0,0.01,0.0073422822426685635,0.9234257168812627,AAPL
2025-02-10 14:15:23,0.0,0.01,0.0073422822426685635,0.9840418324895486,AAPL
2025-02-10 10:47:00,0.0,0.01,0.0073422822426685635,0.9907793322372558,AAPL
2025-02-10 09:51:00,0.01,0.01,0.0073422822426685635,-0.2997249351455843,AAPL
2025-02-09 20:20:17,0.01,0.01,0.0073422822426685635,-0.30241582365368397,AAPL
2025-02-09 17:00:00,0.01,0.01,0.0073422822426685635,-0.3024018414256894,AAPL
2025-02-09 12:00:43,0.01,0.01,0.0073422822426685635,-0.30240191434692,AAPL
2025-02-09 11:35:00,0.01,0.01,0.0073422822426685635,-0.30240191396662264,AAPL
2025-02-09 11:30:00,0.0,0.01,0.0073422822426685635,0.9338399486360592,AAPL
2025-02-08 13:10:00,0.0,0.01,0.0073422822426685635,0.9848387288032949,AAPL
2025-02-08 12:39:00,0.01,0.01,0.0073422822426685635,-0.29998993974968413,AAPL
2025-02-08 10:08:00,0.01,0.01,0.0073422822426685635,-0.3024144512381191,AAPL
2025-02-08 09:05:00,0.01,0.01,0.0073422822426685635,-0.3024018485833447,AAPL
2025-02-08 04:07:00,0.01,0.01,0.0073422822426685635,-0.3024019143095915,AAPL
2025-02-07 22:30:00,0.01,0.01,0.0073422822426685635,-0.3024019139668173,AAPL
2025-02-07 18:50:51,0.01,0.01,0.0073422822426685635,-0.3024019139686049,AAPL
2025-02-07 11:45:00,0.01,0.01,0.0073422822426685635,-0.3024019139685956,AAPL
2025-02-07 11:38:00,0.01,0.01,0.0073422822426685635,-0.3024019139685957,AAPL
2025-02-07 10:54:00,0.01,0.01,0.0073422822426685635,-0.3024019139685957,AAPL
2025-02-07 09:51:00,0.0,0.01,0.0073422822426685635,0.9338399486367834,AAPL
2025-02-07 05:39:10,0.01,0.01,0.0073422822426685635,-0.30071937954923755,AAPL
2025-02-07 05:24:00,0.01,0.01,0.0073422822426685635,-0.3024106684246382,AAPL
2025-02-07 02:28:00,0.01,0.01,0.0073422822426685635,-0.30240186831197746,AAPL
2025-02-06 18:40:32,0.01,0.01,0.0073422822426685635,-0.30240191420670315,AAPL
2025-02-06 18:00:00,0.01,0.01,0.0073422822426685635,-0.3024019139673539,AAPL
2025-02-06 17:41:41,0.01,0.01,0.0073422822426685635,-0.3024019139686021,AAPL
2025-02-06 15:56:14,0.01,0.01,0.0073422822426685635,-0.3024019139685956,AAPL
2025-02-06 14:51:58,0.01,0.01,0.0073422822426685635,-0.3024019139685957,AAPL
2025-02-06 14:24:00,0.01,0.01,0.0073422822426685635,-0.3024019139685957,AAPL
2025-02-06 13:00:00,0.01,0.01,0.0073422822426685635,-0.3024019139685957,AAPL
2025-02-06 11:20:07,0.0,0.01,0.0073422822426685635,0.9338399486367834,AAPL
2025-02-06 10:53:00,0.01,0.01,0.0073422822426685635,-0.30071937954923755,AAPL
2025-02-06 09:18:10,0.01,0.01,0.0073422822426685635,-0.3024106684246382,AAPL
2025-02-06 08:31:00,0.01,0.01,0.0073422822426685635,-0.30240186831197746,AAPL
2025-02-06 03:56:00,0.01,0.01,0.0073422822426685635,-0.30240191420670315,AAPL
2025-02-06 03:45:00,0.01,0.01,0.0073422822426685635,-0.3024019139673539,AAPL
2025-02-06 00:25:22,0.01,0.01,0.0073422822426685635,-0.3024019139686021,AAPL
2025-02-05 22:16:57,0.01,0.01,0.0073422822426685635,-0.3024019139685956,AAPL
2025-02-05 19:40:14,0.01,0.01,0.0073422822426685635,-0.3024019139685957,AAPL
2025-02-05 15:30:03,0.01,0.01,0.0073422822426685635,-0.3024019139685957,AAPL
2025-02-05 14:44:26,0.01,0.01,0.0073422822426685635,-0.3024019139685957,AAPL
2025-02-05 12:43:00,0.01,0.01,0.0073422822426685635,-0.3024019139685957,AAPL
2025-02-05 11:20:06,0.0,0.01,0.0073422822426685635,0.9338399486367834,AAPL
2025-02-05 09:11:00,0.01,0.01,0.0073422822426685635,-0.30071937954923755,AAPL
2025-02-05 03:11:48,0.01,0.01,0.0073422822426685635,-0.3024106684246382,AAPL
2025-02-04 23:32:26,0.01,0.01,0.0073422822426685635,-0.30240186831197746,AAPL
2025-02-04 22:48:32,0.01,0.01,0.0073422822426685635,-0.30240191420670315,AAPL
2025-02-04 20:05:00,0.01,0.01,0.0073422822426685635,-0.3024019139673539,AAPL
2025-02-04 18:43:29,0.01,0.01,0.0073422822426685635,-0.3024019139686021,AAPL
2025-02-04 18:30:36,0.01,0.01,0.0073422822426685635,-0.3024019139685956,AAPL
2025-02-04 16:55:00,0.01,0.01,0.0073422822426685635,-0.3024019139685957,AAPL
2025-02-04 15:53:00,0.01,0.01,0.0073422822426685635,-0.3024019139685957,AAPL
2025-02-04 15:33:00,0.01,0.01,0.0073422822426685635,-0.3024019139685957,AAPL
2025-02-04 14:54:00,0.01,0.01,0.0073422822426685635,-0.3024019139685957,AAPL
2025-02-04 12:36:27,0.01,0.01,0.0073422822426685635,-0.3024019139685957,AAPL
2025-02-04 12:12:00,0.01,0.01,0.0073422822426685635,-0.3024019139685957,AAPL
2025-02-04 10:10:00,0.01,0.01,0.0073422822426685635,-0.3024019139685957,AAPL
2025-02-04 09:56:00,0.01,0.01,0.0073422822426685635,-0.3024019139685957,AAPL
2025-02-04 09:30:00,0.01,0.01,0.0073422822426685635,-0.3024019139685957,AAPL
2025-02-04 08:37:00,0.01,0.01,0.0073422822426685635,-0.3024019139685957,AAPL
2025-02-04 07:36:00,0.01,0.01,0.0073422822426685635,-0.3024019139685957,AAPL
2025-02-04 01:46:46,0.01,0.01,0.0073422822426685635,-0.3024019139685957,AAPL
2025-02-04 01:00:00,0.01,0.01,0.0073422822426685635,-0.3024019139685957,AAPL
2025-02-03 21:54:00,0.01,0.01,0.0073422822426685635,-0.3024019139685957,AAPL
2025-02-03 20:21:32,0.01,0.01,0.0073422822426685635,-0.3024019139685957,AAPL
2025-02-03 19:52:42,0.0,0.01,0.0073422822426685635,0.9338399486367834,AAPL
2025-02-03 17:58:22,0.01,0.01,0.0073422822426685635,-0.30071937954923755,AAPL
2025-02-03 17:30:17,0.01,0.01,0.0073422822426685635,-0.3024106684246382,AAPL
2025-02-03 17:26:09,0.01,0.01,0.0073422822426685635,-0.30240186831197746,AAPL
2025-02-03 17:17:08,0.01,0.01,0.0073422822426685635,-0.30240191420670315,AAPL
2025-02-03 14:20:00,0.01,0.01,0.0073422822426685635,-0.3024019139673539,AAPL
2025-02-03 14:00:15,0.0,0.01,0.0073422822426685635,0.9338399486363277,AAPL
